create schema IF NOT EXISTS STOCK;

INSERT INTO stock.action (id, name, description) VALUES (1, 'ADD','Action allowed to add products');
INSERT INTO stock.action (id, name, description) VALUES (2, 'UPDATE', 'Action allowed to update products');
INSERT INTO stock.action (id, name, description) VALUES (3, 'DELETE', 'Action allowed to delete products');
INSERT INTO stock.role (id, name, description) VALUES (1, 'MASTER', 'Role able to perform any operation');
INSERT INTO stock.role_action (role_id, action_id) VALUES (1, 1);
INSERT INTO stock.role_action (role_id, action_id) VALUES (1, 2);
INSERT INTO stock.role_action (role_id, action_id) VALUES (1, 3);
INSERT INTO stock.users (id, username, password, last_access, role_id) VALUES (1,'superuser', '$2a$10$1S4XVwI4wE8CN4QIk2cpJeOn/Hg/7vahl5dBfSROrpHFw8U3qNaDK',null, 1);
INSERT INTO stock.category(id, name, parent_id) VALUES (1, 'electronics', null);
INSERT INTO stock.category(id, name, parent_id) VALUES (2, 'cellphone', 1);
INSERT INTO stock.category(id, name, parent_id) VALUES (3, 'apple', 2);
INSERT INTO stock.category(id, name, parent_id) VALUES (4, 'samsung', 2);
INSERT INTO stock.category(id, name, parent_id) VALUES (5, 'Cars', null);
INSERT INTO stock.category(id, name, parent_id) VALUES (6, 'Tires', 5);
INSERT INTO stock.category(id, name, parent_id) VALUES (7, 'Wheels', 5);
INSERT INTO stock.category(id, name, parent_id) VALUES (8, 'Mirror', 5);
INSERT INTO stock.category(id, name, parent_id) VALUES (9, 'Engine', 5);
INSERT INTO stock.category(id, name, parent_id) VALUES (10, 'Tools', null);
INSERT INTO stock.category(id, name, parent_id) VALUES (11, 'hammer', 10);
INSERT INTO stock.category(id, name, parent_id) VALUES (12, 'screwdriver', 10);
INSERT INTO stock.category(id, name, parent_id) VALUES (13, 'saw', 10);
INSERT INTO stock.category(id, name, parent_id) VALUES (14, 'axe', 10);
INSERT INTO stock.product(id, name, description, price, stock, category_id) VALUES (nextval('STOCK.product_sequence'), 'Iphone 16', 'Its an Iphone', 1800.00, 5, 3);
INSERT INTO stock.product(id, name, description, price, stock, category_id) VALUES (nextval('STOCK.product_sequence'), 'Iphone 15', 'Its an Iphone', 1300.00, 5, 3);
INSERT INTO stock.product(id, name, description, price, stock, category_id) VALUES (nextval('STOCK.product_sequence'), 'Iphone 14', 'Its an Iphone', 1000.00, 5, 3);
INSERT INTO stock.product(id, name, description, price, stock, category_id) VALUES (nextval('STOCK.product_sequence'), 'S24', 'Its an samsung phone', 1200.00, 5, 4);
INSERT INTO stock.product(id, name, description, price, stock, category_id) VALUES (nextval('STOCK.product_sequence'), 'S23', 'Its an samsung phone', 1000.00, 5, 4);
INSERT INTO stock.product(id, name, description, price, stock, category_id) VALUES (nextval('STOCK.product_sequence'), 'S22', 'Its an samsung phone', 800.00, 5, 4);
INSERT INTO stock.product(id, name, description, price, stock, category_id) VALUES (nextval('STOCK.product_sequence'), 'moto g1', 'Its an cellphone', 600.00, 5, 2);
INSERT INTO stock.product(id, name, description, price, stock, category_id) VALUES (nextval('STOCK.product_sequence'), 'moto g4', 'Its an cellphone', 400.00, 5, 2);
INSERT INTO stock.product(id, name, description, price, stock, category_id) VALUES (nextval('STOCK.product_sequence'), 'notebook', 'Its an dell notebook', 1800.00, 5, 1);
INSERT INTO stock.product(id, name, description, price, stock, category_id) VALUES (nextval('STOCK.product_sequence'), 'Goodyear', 'Its an tire', 200.00, 5, 6);
INSERT INTO stock.product(id, name, description, price, stock, category_id) VALUES (nextval('STOCK.product_sequence'), 'Pirelli', 'Its another tire', 500.00, 0, 6);
INSERT INTO stock.product(id, name, description, price, stock, category_id) VALUES (nextval('STOCK.product_sequence'), 'Side Mirror', 'Its an side mirror', 100.00, 0, 8);
INSERT INTO stock.product(id, name, description, price, stock, category_id) VALUES (nextval('STOCK.product_sequence'), 'Toyota engine', 'Its an toyota car engine', 10000.00, 0, 9);
INSERT INTO stock.product(id, name, description, price, stock, category_id) VALUES (nextval('STOCK.product_sequence'), 'Drill', 'Its an drill', 38.00, 5, 10);
INSERT INTO stock.product(id, name, description, price, stock, category_id) VALUES (nextval('STOCK.product_sequence'), 'Hammer', 'Its an hammer', 5.00, 5, 11);
INSERT INTO stock.product(id, name, description, price, stock, category_id) VALUES (nextval('STOCK.product_sequence'), 'screwdriver', 'Its an screwdriver', 10.00, 5, 12);
INSERT INTO stock.product(id, name, description, price, stock, category_id) VALUES (nextval('STOCK.product_sequence'), 'axe', 'Its an axe', 30.00, 5, 14);

